rank,wave,action,priority_score,url_type,title,category_slug,category_name,slug,last_modified,sitemap_priority,url,reason
1,wave_1,request_now,153,calculator,Kredi Taksit Hesaplama,finansal-hesaplamalar,Finans,kredi-taksit-hesaplama,2026-03-09T09:00:00.000Z,0.78,https://www.hesapmod.com/finansal-hesaplamalar/kredi-taksit-hesaplama,sitemap:0.78; calculator-landing; category-boost:16; slug-boost:24; guide-support:9; homepage-featured
2,wave_1,request_now,152,calculator,Maaş Hesaplama,maas-ve-vergi,Maaş & Vergi,maas-hesaplama,2026-03-09T09:00:00.000Z,0.78,https://www.hesapmod.com/maas-ve-vergi/maas-hesaplama,sitemap:0.78; calculator-landing; category-boost:15; slug-boost:24; guide-support:9; homepage-featured
3,wave_1,request_now,147,calculator,KDV Hesaplama,finansal-hesaplamalar,Finans,kdv-hesaplama,2026-03-09T09:00:00.000Z,0.78,https://www.hesapmod.com/finansal-hesaplamalar/kdv-hesaplama,sitemap:0.78; calculator-landing; category-boost:16; slug-boost:18; guide-support:9; homepage-featured
4,wave_1,request_now,143,calculator,İhtiyaç Kredisi Hesaplama,finansal-hesaplamalar,Finans,ihtiyac-kredisi-hesaplama,2026-03-09T09:00:00.000Z,0.78,https://www.hesapmod.com/finansal-hesaplamalar/ihtiyac-kredisi-hesaplama,sitemap:0.78; calculator-landing; category-boost:16; slug-boost:22; guide-support:9
5,wave_1,request_now,142,calculator,Konut Kredisi Hesaplama,finansal-hesaplamalar,Finans,konut-kredisi-hesaplama,2026-03-09T09:00:00.000Z,0.78,https://www.hesapmod.com/finansal-hesaplamalar/konut-kredisi-hesaplama,sitemap:0.78; calculator-landing; category-boost:16; slug-boost:21; guide-support:9
6,wave_1,request_now,141,calculator,Mevduat Faiz Hesaplama,finansal-hesaplamalar,Finans,mevduat-faiz-hesaplama,2026-03-09T09:00:00.000Z,0.78,https://www.hesapmod.com/finansal-hesaplamalar/mevduat-faiz-hesaplama,sitemap:0.78; calculator-landing; category-boost:16; slug-boost:20; guide-support:9
7,wave_1,request_now,139,calculator,Enflasyon Hesaplama Aracı,finansal-hesaplamalar,Finans,enflasyon-hesaplama,2026-03-09T09:00:00.000Z,0.78,https://www.hesapmod.com/finansal-hesaplamalar/enflasyon-hesaplama,sitemap:0.78; calculator-landing; category-boost:16; slug-boost:18; guide-support:9
8,wave_1,request_now,139,calculator,Kira Artış Hesaplama,finansal-hesaplamalar,Finans,kira-artis-hesaplama,2026-03-09T09:00:00.000Z,0.78,https://www.hesapmod.com/finansal-hesaplamalar/kira-artis-hesaplama,sitemap:0.78; calculator-landing; category-boost:16; slug-boost:18; guide-support:9
9,wave_1,request_now,137,calculator,Gelir Vergisi Hesaplama,maas-ve-vergi,Maaş & Vergi,gelir-vergisi-hesaplama,2026-03-09T09:00:00.000Z,0.78,https://www.hesapmod.com/maas-ve-vergi/gelir-vergisi-hesaplama,sitemap:0.78; calculator-landing; category-boost:15; slug-boost:17; guide-support:9
10,wave_1,request_now,137,calculator,Kıdem Tazminatı Hesaplama,maas-ve-vergi,Maaş & Vergi,kidem-tazminati-hesaplama,2026-03-09T09:00:00.000Z,0.78,https://www.hesapmod.com/maas-ve-vergi/kidem-tazminati-hesaplama,sitemap:0.78; calculator-landing; category-boost:15; slug-boost:17; guide-support:9
11,wave_1,request_now,136,calculator,Altın Hesaplama,finansal-hesaplamalar,Finans,altin-hesaplama,2026-03-09T09:00:00.000Z,0.78,https://www.hesapmod.com/finansal-hesaplamalar/altin-hesaplama,sitemap:0.78; calculator-landing; category-boost:16; slug-boost:15; guide-support:9
12,wave_1,request_now,136,calculator,Döviz Hesaplama / Çevirici,finansal-hesaplamalar,Finans,doviz-hesaplama,2026-03-09T09:00:00.000Z,0.78,https://www.hesapmod.com/finansal-hesaplamalar/doviz-hesaplama,sitemap:0.78; calculator-landing; category-boost:16; slug-boost:15; guide-support:9
13,wave_1,request_now,136,calculator,YKS Puan Hesaplama,sinav-hesaplamalari,Sınav,yks-puan-hesaplama,2026-03-09T09:00:00.000Z,0.78,https://www.hesapmod.com/sinav-hesaplamalari/yks-puan-hesaplama,sitemap:0.78; calculator-landing; category-boost:12; slug-boost:14; guide-support:6; homepage-featured
14,wave_1,request_now,135,home,Ana Sayfa,,,,2026-03-09T09:00:00.000Z,1.00,https://www.hesapmod.com,sitemap:1.00; site-entry-point
15,wave_1,request_now,135,calculator,Vücut Kitle İndeksi (VKİ),yasam-hesaplama,Yaşam,vucut-kitle-indeksi-hesaplama,2026-03-09T09:00:00.000Z,0.84,https://www.hesapmod.com/yasam-hesaplama/vucut-kitle-indeksi-hesaplama,sitemap:0.84; calculator-landing; category-boost:10; slug-boost:12; guide-support:3; homepage-featured
16,wave_1,request_now,135,calculator,Eurobond Hesaplama (Detaylı),finansal-hesaplamalar,Finans,eurobond-hesaplama,2026-03-09T09:00:00.000Z,0.78,https://www.hesapmod.com/finansal-hesaplamalar/eurobond-hesaplama,sitemap:0.78; calculator-landing; category-boost:16; slug-boost:14; guide-support:9
17,wave_1,request_now,135,calculator,K.Kartı Gecikme Faizi,finansal-hesaplamalar,Finans,kredi-karti-gecikme-faizi-hesaplama,2026-03-09T09:00:00.000Z,0.78,https://www.hesapmod.com/finansal-hesaplamalar/kredi-karti-gecikme-faizi-hesaplama,sitemap:0.78; calculator-landing; category-boost:16; slug-boost:14; guide-support:9
18,wave_1,request_now,135,calculator,Yıllık Maliyet Oranı (APR),finansal-hesaplamalar,Finans,kredi-yillik-maliyet-orani-hesaplama,2026-03-09T09:00:00.000Z,0.78,https://www.hesapmod.com/finansal-hesaplamalar/kredi-yillik-maliyet-orani-hesaplama,sitemap:0.78; calculator-landing; category-boost:16; slug-boost:14; guide-support:9
19,wave_1,request_now,135,calculator,İhbar Tazminatı Hesaplama,maas-ve-vergi,Maaş & Vergi,ihbar-tazminati-hesaplama,2026-03-09T09:00:00.000Z,0.78,https://www.hesapmod.com/maas-ve-vergi/ihbar-tazminati-hesaplama,sitemap:0.78; calculator-landing; category-boost:15; slug-boost:15; guide-support:9
20,wave_1,request_now,134,calculator,Kredi Erken Kapama Hesaplama,finansal-hesaplamalar,Finans,kredi-erken-kapama-hesaplama,2026-03-09T09:00:00.000Z,0.78,https://www.hesapmod.com/finansal-hesaplamalar/kredi-erken-kapama-hesaplama,sitemap:0.78; calculator-landing; category-boost:16; slug-boost:13; guide-support:9
21,wave_2,request_in_48h,126,calculator,Gebelik (Hamilelik) Hesaplama,yasam-hesaplama,Yaşam,gebelik-hesaplama,2026-03-09T09:00:00.000Z,0.84,https://www.hesapmod.com/yasam-hesaplama/gebelik-hesaplama,sitemap:0.84; calculator-landing; category-boost:10; slug-boost:11; guide-support:3
22,wave_2,request_in_48h,126,calculator,KPSS Puan Hesaplama,sinav-hesaplamalari,Sınav,kpss-puan-hesaplama,2026-03-09T09:00:00.000Z,0.78,https://www.hesapmod.com/sinav-hesaplamalari/kpss-puan-hesaplama,sitemap:0.78; calculator-landing; category-boost:12; slug-boost:12; guide-support:6
23,wave_2,request_in_48h,126,calculator,TYT Puan Hesaplama 2026,sinav-hesaplamalari,Sınav,tyt-puan-hesaplama,2026-03-09T09:00:00.000Z,0.78,https://www.hesapmod.com/sinav-hesaplamalari/tyt-puan-hesaplama,sitemap:0.78; calculator-landing; category-boost:12; slug-boost:12; guide-support:6
24,wave_2,request_in_48h,125,calculator,Yumurtlama Dönemi Hesaplama,yasam-hesaplama,Yaşam,yumurtlama-donemi-hesaplama,2026-03-09T09:00:00.000Z,0.84,https://www.hesapmod.com/yasam-hesaplama/yumurtlama-donemi-hesaplama,sitemap:0.84; calculator-landing; category-boost:10; slug-boost:10; guide-support:3
25,wave_2,request_in_48h,125,calculator,LGS Puan Hesaplama,sinav-hesaplamalari,Sınav,lgs-puan-hesaplama,2026-03-09T09:00:00.000Z,0.78,https://www.hesapmod.com/sinav-hesaplamalari/lgs-puan-hesaplama,sitemap:0.78; calculator-landing; category-boost:12; slug-boost:11; guide-support:6
26,wave_2,request_in_48h,125,calculator,MTV Hesaplama,tasit-ve-vergi,Taşıt & Vergi,mtv-hesaplama,2026-03-09T09:00:00.000Z,0.78,https://www.hesapmod.com/tasit-ve-vergi/mtv-hesaplama,sitemap:0.78; calculator-landing; category-boost:13; slug-boost:13; guide-support:3
27,wave_2,request_in_48h,125,calculator,ÖTV Hesaplama,tasit-ve-vergi,Taşıt & Vergi,otv-hesaplama,2026-03-09T09:00:00.000Z,0.78,https://www.hesapmod.com/tasit-ve-vergi/otv-hesaplama,sitemap:0.78; calculator-landing; category-boost:13; slug-boost:13; guide-support:3
28,wave_2,request_in_48h,124,calculator,Yakıt Tüketim & Maliyet Hesaplama,tasit-ve-vergi,Taşıt & Vergi,yakit-tuketim-maliyet,2026-03-09T09:00:00.000Z,0.78,https://www.hesapmod.com/tasit-ve-vergi/yakit-tuketim-maliyet,sitemap:0.78; calculator-landing; category-boost:13; slug-boost:12; guide-support:3
29,wave_2,request_in_48h,123,category,Finans Kategori,finansal-hesaplamalar,Finans,finansal-hesaplamalar,2026-03-09T09:00:00.000Z,0.85,https://www.hesapmod.com/kategori/finansal-hesaplamalar,sitemap:0.85; category-hub; category-boost:16
30,wave_2,request_in_48h,122,category,Maaş & Vergi Kategori,maas-ve-vergi,Maaş & Vergi,maas-ve-vergi,2026-03-09T09:00:00.000Z,0.85,https://www.hesapmod.com/kategori/maas-ve-vergi,sitemap:0.85; category-hub; category-boost:15
31,wave_2,request_in_48h,122,calculator,Yaş Hesaplama,zaman-hesaplama,Zaman & Tarih,yas-hesaplama,2026-03-09T09:00:00.000Z,0.78,https://www.hesapmod.com/zaman-hesaplama/yas-hesaplama,sitemap:0.78; calculator-landing; category-boost:8; slug-boost:10; homepage-featured
32,wave_2,request_in_48h,121,calculator,Basit Faiz Hesaplama,finansal-hesaplamalar,Finans,basit-faiz-hesaplama,2026-03-09T09:00:00.000Z,0.78,https://www.hesapmod.com/finansal-hesaplamalar/basit-faiz-hesaplama,sitemap:0.78; calculator-landing; category-boost:16; guide-support:9
33,wave_2,request_in_48h,121,calculator,Bileşik Büyüme Hesaplama (CAGR),finansal-hesaplamalar,Finans,bilesik-buyume-hesaplama,2026-03-09T09:00:00.000Z,0.78,https://www.hesapmod.com/finansal-hesaplamalar/bilesik-buyume-hesaplama,sitemap:0.78; calculator-landing; category-boost:16; guide-support:9
34,wave_2,request_in_48h,121,calculator,Bileşik Faiz Hesaplama,finansal-hesaplamalar,Finans,bilesik-faiz-hesaplama,2026-03-09T09:00:00.000Z,0.78,https://www.hesapmod.com/finansal-hesaplamalar/bilesik-faiz-hesaplama,sitemap:0.78; calculator-landing; category-boost:16; guide-support:9
35,wave_2,request_in_48h,121,calculator,Birikim Hesaplama,finansal-hesaplamalar,Finans,birikim-hesaplama,2026-03-09T09:00:00.000Z,0.78,https://www.hesapmod.com/finansal-hesaplamalar/birikim-hesaplama,sitemap:0.78; calculator-landing; category-boost:16; guide-support:9
36,wave_2,request_in_48h,121,calculator,Bono Hesaplama,finansal-hesaplamalar,Finans,bono-hesaplama,2026-03-09T09:00:00.000Z,0.78,https://www.hesapmod.com/finansal-hesaplamalar/bono-hesaplama,sitemap:0.78; calculator-landing; category-boost:16; guide-support:9
37,wave_2,request_in_48h,121,calculator,Borç Kapatma Planlayıcı,finansal-hesaplamalar,Finans,borc-kapatma-planlayici-hesaplama,2026-03-09T09:00:00.000Z,0.78,https://www.hesapmod.com/finansal-hesaplamalar/borc-kapatma-planlayici-hesaplama,sitemap:0.78; calculator-landing; category-boost:16; guide-support:9
38,wave_2,request_in_48h,121,calculator,Eurobond Getiri Hesaplama (Temel),finansal-hesaplamalar,Finans,eurobond-getiri-hesaplama,2026-03-09T09:00:00.000Z,0.78,https://www.hesapmod.com/finansal-hesaplamalar/eurobond-getiri-hesaplama,sitemap:0.78; calculator-landing; category-boost:16; guide-support:9
39,wave_2,request_in_48h,121,calculator,Geçmiş Altın Fiyatları,finansal-hesaplamalar,Finans,gecmis-altin-fiyatlari,2026-03-09T09:00:00.000Z,0.78,https://www.hesapmod.com/finansal-hesaplamalar/gecmis-altin-fiyatlari,sitemap:0.78; calculator-landing; category-boost:16; guide-support:9
40,wave_2,request_in_48h,121,calculator,Geçmiş Döviz Kurları,finansal-hesaplamalar,Finans,gecmis-doviz-kurlari,2026-03-09T09:00:00.000Z,0.78,https://www.hesapmod.com/finansal-hesaplamalar/gecmis-doviz-kurlari,sitemap:0.78; calculator-landing; category-boost:16; guide-support:9
41,wave_2,request_in_48h,121,calculator,IBAN Doğrulama,finansal-hesaplamalar,Finans,iban-dogrulama,2026-03-09T09:00:00.000Z,0.78,https://www.hesapmod.com/finansal-hesaplamalar/iban-dogrulama,sitemap:0.78; calculator-landing; category-boost:16; guide-support:9
42,wave_2,request_in_48h,121,calculator,İç Verim Oranı (IRR) Hesaplama,finansal-hesaplamalar,Finans,ic-verim-orani-hesaplama,2026-03-09T09:00:00.000Z,0.78,https://www.hesapmod.com/finansal-hesaplamalar/ic-verim-orani-hesaplama,sitemap:0.78; calculator-landing; category-boost:16; guide-support:9
43,wave_2,request_in_48h,121,calculator,Ticari Kredi Hesaplama,finansal-hesaplamalar,Finans,is-yeri-ve-ticari-kredi-hesaplama,2026-03-09T09:00:00.000Z,0.78,https://www.hesapmod.com/finansal-hesaplamalar/is-yeri-ve-ticari-kredi-hesaplama,sitemap:0.78; calculator-landing; category-boost:16; guide-support:9
44,wave_2,request_in_48h,121,calculator,İç ve Dış İskonto Hesaplama,finansal-hesaplamalar,Finans,iskonto-hesaplama,2026-03-09T09:00:00.000Z,0.78,https://www.hesapmod.com/finansal-hesaplamalar/iskonto-hesaplama,sitemap:0.78; calculator-landing; category-boost:16; guide-support:9
45,wave_2,request_in_48h,121,calculator,Kâr/Zarar & Marj Hesaplama,finansal-hesaplamalar,Finans,kar-zarar-marji,2026-03-09T09:00:00.000Z,0.78,https://www.hesapmod.com/finansal-hesaplamalar/kar-zarar-marji,sitemap:0.78; calculator-landing; category-boost:16; guide-support:9
46,wave_2,request_in_48h,121,calculator,"Kira mı, Konut Kredisi mi?",finansal-hesaplamalar,Finans,kira-mi-konut-kredisi-mi-hesaplama,2026-03-09T09:00:00.000Z,0.78,https://www.hesapmod.com/finansal-hesaplamalar/kira-mi-konut-kredisi-mi-hesaplama,sitemap:0.78; calculator-landing; category-boost:16; guide-support:9
47,wave_2,request_in_48h,121,calculator,Kredi Dosya Masrafı Hesaplama,finansal-hesaplamalar,Finans,kredi-dosya-masrafi-hesaplama,2026-03-09T09:00:00.000Z,0.78,https://www.hesapmod.com/finansal-hesaplamalar/kredi-dosya-masrafi-hesaplama,sitemap:0.78; calculator-landing; category-boost:16; guide-support:9
48,wave_2,request_in_48h,121,calculator,Kredi Erken Kapatma Cezası Hesaplama,finansal-hesaplamalar,Finans,kredi-erken-kapatma-cezasi-hesaplama,2026-03-09T09:00:00.000Z,0.78,https://www.hesapmod.com/finansal-hesaplamalar/kredi-erken-kapatma-cezasi-hesaplama,sitemap:0.78; calculator-landing; category-boost:16; guide-support:9
49,wave_2,request_in_48h,121,calculator,Kredi Gecikme Faizi,finansal-hesaplamalar,Finans,kredi-gecikme-faizi-hesaplama,2026-03-09T09:00:00.000Z,0.78,https://www.hesapmod.com/finansal-hesaplamalar/kredi-gecikme-faizi-hesaplama,sitemap:0.78; calculator-landing; category-boost:16; guide-support:9
50,wave_2,request_in_48h,121,calculator,Kredi Karşılaştırma,finansal-hesaplamalar,Finans,kredi-karsilastirma-hesaplama,2026-03-09T09:00:00.000Z,0.78,https://www.hesapmod.com/finansal-hesaplamalar/kredi-karsilastirma-hesaplama,sitemap:0.78; calculator-landing; category-boost:16; guide-support:9
51,wave_3,request_in_week_1,121,calculator,Kredi Kartı Asgari Ödeme Hesaplama,finansal-hesaplamalar,Finans,kredi-karti-asgari-odeme,2026-03-09T09:00:00.000Z,0.78,https://www.hesapmod.com/finansal-hesaplamalar/kredi-karti-asgari-odeme,sitemap:0.78; calculator-landing; category-boost:16; guide-support:9
52,wave_3,request_in_week_1,121,calculator,Kredi Kartı Asgari Tutarı,finansal-hesaplamalar,Finans,kredi-karti-asgari-odeme-tutari-hesaplama,2026-03-09T09:00:00.000Z,0.78,https://www.hesapmod.com/finansal-hesaplamalar/kredi-karti-asgari-odeme-tutari-hesaplama,sitemap:0.78; calculator-landing; category-boost:16; guide-support:9
53,wave_3,request_in_week_1,121,calculator,Kredi Kartı Ek Taksit Hesaplama,finansal-hesaplamalar,Finans,kredi-karti-ek-taksit-hesaplama,2026-03-09T09:00:00.000Z,0.78,https://www.hesapmod.com/finansal-hesaplamalar/kredi-karti-ek-taksit-hesaplama,sitemap:0.78; calculator-landing; category-boost:16; guide-support:9
54,wave_3,request_in_week_1,121,calculator,İşlem Sonradan Taksitlendirme,finansal-hesaplamalar,Finans,kredi-karti-islem-taksitlendirme-hesaplama,2026-03-09T09:00:00.000Z,0.78,https://www.hesapmod.com/finansal-hesaplamalar/kredi-karti-islem-taksitlendirme-hesaplama,sitemap:0.78; calculator-landing; category-boost:16; guide-support:9
55,wave_3,request_in_week_1,121,calculator,Taksitli Nakit Avans,finansal-hesaplamalar,Finans,kredi-karti-taksitli-nakit-avans-hesaplama,2026-03-09T09:00:00.000Z,0.78,https://www.hesapmod.com/finansal-hesaplamalar/kredi-karti-taksitli-nakit-avans-hesaplama,sitemap:0.78; calculator-landing; category-boost:16; guide-support:9
56,wave_3,request_in_week_1,121,calculator,Kredi Yapılandırma,finansal-hesaplamalar,Finans,kredi-yapilandirma-hesaplama,2026-03-09T09:00:00.000Z,0.78,https://www.hesapmod.com/finansal-hesaplamalar/kredi-yapilandirma-hesaplama,sitemap:0.78; calculator-landing; category-boost:16; guide-support:9
57,wave_3,request_in_week_1,121,calculator,Ne Kadar Kredi Alabilirim?,finansal-hesaplamalar,Finans,ne-kadar-kredi-alabilirim-hesaplama,2026-03-09T09:00:00.000Z,0.78,https://www.hesapmod.com/finansal-hesaplamalar/ne-kadar-kredi-alabilirim-hesaplama,sitemap:0.78; calculator-landing; category-boost:16; guide-support:9
58,wave_3,request_in_week_1,121,calculator,Net Bugünkü Değer (NPV) Hesaplama,finansal-hesaplamalar,Finans,net-bugunku-deger-hesaplama,2026-03-09T09:00:00.000Z,0.78,https://www.hesapmod.com/finansal-hesaplamalar/net-bugunku-deger-hesaplama,sitemap:0.78; calculator-landing; category-boost:16; guide-support:9
59,wave_3,request_in_week_1,121,calculator,Ortalama Vade Hesaplama,finansal-hesaplamalar,Finans,ortalama-vade-hesaplama,2026-03-09T09:00:00.000Z,0.78,https://www.hesapmod.com/finansal-hesaplamalar/ortalama-vade-hesaplama,sitemap:0.78; calculator-landing; category-boost:16; guide-support:9
60,wave_3,request_in_week_1,121,calculator,Parasal Değer Hesaplama (TVM),finansal-hesaplamalar,Finans,parasal-deger-zaman-hesaplama,2026-03-09T09:00:00.000Z,0.78,https://www.hesapmod.com/finansal-hesaplamalar/parasal-deger-zaman-hesaplama,sitemap:0.78; calculator-landing; category-boost:16; guide-support:9
61,wave_3,request_in_week_1,121,calculator,Reel Getiri Hesaplama,finansal-hesaplamalar,Finans,reel-getiri-hesaplama,2026-03-09T09:00:00.000Z,0.78,https://www.hesapmod.com/finansal-hesaplamalar/reel-getiri-hesaplama,sitemap:0.78; calculator-landing; category-boost:16; guide-support:9
62,wave_3,request_in_week_1,121,calculator,Repo Hesaplama,finansal-hesaplamalar,Finans,repo-hesaplama,2026-03-09T09:00:00.000Z,0.78,https://www.hesapmod.com/finansal-hesaplamalar/repo-hesaplama,sitemap:0.78; calculator-landing; category-boost:16; guide-support:9
63,wave_3,request_in_week_1,121,calculator,Sermaye ve Temettü Hesaplama,finansal-hesaplamalar,Finans,sermaye-ve-temettu-hesaplama,2026-03-09T09:00:00.000Z,0.78,https://www.hesapmod.com/finansal-hesaplamalar/sermaye-ve-temettu-hesaplama,sitemap:0.78; calculator-landing; category-boost:16; guide-support:9
64,wave_3,request_in_week_1,121,calculator,Tahvil Hesaplama,finansal-hesaplamalar,Finans,tahvil-hesaplama,2026-03-09T09:00:00.000Z,0.78,https://www.hesapmod.com/finansal-hesaplamalar/tahvil-hesaplama,sitemap:0.78; calculator-landing; category-boost:16; guide-support:9
65,wave_3,request_in_week_1,121,calculator,Taşıt Kredisi Hesaplama,finansal-hesaplamalar,Finans,tasit-kredisi-hesaplama,2026-03-09T09:00:00.000Z,0.78,https://www.hesapmod.com/finansal-hesaplamalar/tasit-kredisi-hesaplama,sitemap:0.78; calculator-landing; category-boost:16; guide-support:9
66,wave_3,request_in_week_1,121,calculator,Ticari Araç Kredisi Hesaplama,finansal-hesaplamalar,Finans,ticari-arac-kredisi-hesaplama,2026-03-09T09:00:00.000Z,0.78,https://www.hesapmod.com/finansal-hesaplamalar/ticari-arac-kredisi-hesaplama,sitemap:0.78; calculator-landing; category-boost:16; guide-support:9
67,wave_3,request_in_week_1,121,calculator,Ticari İhtiyaç Kredisi Hesaplama,finansal-hesaplamalar,Finans,ticari-ihtiyac-kredisi-hesaplama,2026-03-09T09:00:00.000Z,0.78,https://www.hesapmod.com/finansal-hesaplamalar/ticari-ihtiyac-kredisi-hesaplama,sitemap:0.78; calculator-landing; category-boost:16; guide-support:9
68,wave_3,request_in_week_1,121,calculator,Ticari Kredi Hesaplama,finansal-hesaplamalar,Finans,ticari-kredi-hesaplama,2026-03-09T09:00:00.000Z,0.78,https://www.hesapmod.com/finansal-hesaplamalar/ticari-kredi-hesaplama,sitemap:0.78; calculator-landing; category-boost:16; guide-support:9
69,wave_3,request_in_week_1,121,calculator,Vadeli İşlem Fiyatı (Futures) Hesaplama,finansal-hesaplamalar,Finans,vadeli-islem-fiyat-hesaplama,2026-03-09T09:00:00.000Z,0.78,https://www.hesapmod.com/finansal-hesaplamalar/vadeli-islem-fiyat-hesaplama,sitemap:0.78; calculator-landing; category-boost:16; guide-support:9
70,wave_3,request_in_week_1,120,category,Taşıt & Vergi Kategori,tasit-ve-vergi,Taşıt & Vergi,tasit-ve-vergi,2026-03-09T09:00:00.000Z,0.85,https://www.hesapmod.com/kategori/tasit-ve-vergi,sitemap:0.85; category-hub; category-boost:13
71,wave_3,request_in_week_1,120,guide,"Eurobond Getirisi Nasıl Hesaplanır? Kupon, İskonto ve Vadeye Kadar Getiri Rehberi",finansal-hesaplamalar,Finans,eurobond-getirisi-nasil-hesaplanir,2026-03-08T00:00:00.000Z,0.80,https://www.hesapmod.com/rehber/eurobond-getirisi-nasil-hesaplanir,sitemap:0.80; editorial-support; category-boost:16; calc-support:8
72,wave_3,request_in_week_1,120,guide,"2026 Kredi Faizi ve Aylık Taksit Rehberi: İhtiyaç, Konut ve Toplam Maliyet",finansal-hesaplamalar,Finans,kredi-faizi-ve-aylik-taksit-rehberi,2026-03-08T00:00:00.000Z,0.80,https://www.hesapmod.com/rehber/kredi-faizi-ve-aylik-taksit-rehberi,sitemap:0.80; editorial-support; category-boost:16; calc-support:8
73,wave_3,request_in_week_1,120,guide,"Kredi Kartı Faizi, Asgari Ödeme ve Yapılandırma Rehberi: Borcu Büyütmeden Ne Yapmalı?",finansal-hesaplamalar,Finans,kredi-karti-faizi-asgari-odeme-ve-yapilandirma-rehberi,2026-03-08T00:00:00.000Z,0.80,https://www.hesapmod.com/rehber/kredi-karti-faizi-asgari-odeme-ve-yapilandirma-rehberi,sitemap:0.80; editorial-support; category-boost:16; calc-support:8
74,wave_3,request_in_week_1,120,guide,"Mevduat Faizi, Enflasyon ve Reel Getiri Rehberi: 2026'da Net Kazanç Nasıl Okunur?",finansal-hesaplamalar,Finans,mevduat-faizi-enflasyon-ve-reel-getiri-rehberi,2026-03-08T00:00:00.000Z,0.80,https://www.hesapmod.com/rehber/mevduat-faizi-enflasyon-ve-reel-getiri-rehberi,sitemap:0.80; editorial-support; category-boost:16; calc-support:8
75,wave_3,request_in_week_1,120,calculator,Asgari Ücret 2026,maas-ve-vergi,Maaş & Vergi,asgari-ucret-hesaplama,2026-03-09T09:00:00.000Z,0.78,https://www.hesapmod.com/maas-ve-vergi/asgari-ucret-hesaplama,sitemap:0.78; calculator-landing; category-boost:15; guide-support:9
76,wave_3,request_in_week_1,120,calculator,Damga Vergisi Hesaplama,maas-ve-vergi,Maaş & Vergi,damga-vergisi-hesaplama,2026-03-09T09:00:00.000Z,0.78,https://www.hesapmod.com/maas-ve-vergi/damga-vergisi-hesaplama,sitemap:0.78; calculator-landing; category-boost:15; guide-support:9
77,wave_3,request_in_week_1,120,calculator,Değer Artış Kazancı Vergisi Hesaplama,maas-ve-vergi,Maaş & Vergi,deger-artis-kazanci-vergisi,2026-03-09T09:00:00.000Z,0.78,https://www.hesapmod.com/maas-ve-vergi/deger-artis-kazanci-vergisi,sitemap:0.78; calculator-landing; category-boost:15; guide-support:9
78,wave_3,request_in_week_1,120,calculator,Değerli Konut Vergisi Hesaplama,maas-ve-vergi,Maaş & Vergi,degerli-konut-vergisi-hesaplama,2026-03-09T09:00:00.000Z,0.78,https://www.hesapmod.com/maas-ve-vergi/degerli-konut-vergisi-hesaplama,sitemap:0.78; calculator-landing; category-boost:15; guide-support:9
79,wave_3,request_in_week_1,120,calculator,Emlak Vergisi Hesaplama,maas-ve-vergi,Maaş & Vergi,emlak-vergisi-hesaplama,2026-03-09T09:00:00.000Z,0.78,https://www.hesapmod.com/maas-ve-vergi/emlak-vergisi-hesaplama,sitemap:0.78; calculator-landing; category-boost:15; guide-support:9
80,wave_3,request_in_week_1,120,calculator,Gümrük Vergisi Hesaplama,maas-ve-vergi,Maaş & Vergi,gumruk-vergisi-hesaplama,2026-03-09T09:00:00.000Z,0.78,https://www.hesapmod.com/maas-ve-vergi/gumruk-vergisi-hesaplama,sitemap:0.78; calculator-landing; category-boost:15; guide-support:9
81,wave_3,request_in_week_1,120,calculator,Harcırah (Yolluk) Hesaplama,maas-ve-vergi,Maaş & Vergi,harcirah-yolluk-hesaplama,2026-03-09T09:00:00.000Z,0.78,https://www.hesapmod.com/maas-ve-vergi/harcirah-yolluk-hesaplama,sitemap:0.78; calculator-landing; category-boost:15; guide-support:9
82,wave_3,request_in_week_1,120,calculator,Kambiyo Vergisi Hesaplama,maas-ve-vergi,Maaş & Vergi,kambiyo-vergisi-hesaplama,2026-03-09T09:00:00.000Z,0.78,https://www.hesapmod.com/maas-ve-vergi/kambiyo-vergisi-hesaplama,sitemap:0.78; calculator-landing; category-boost:15; guide-support:9
83,wave_3,request_in_week_1,120,calculator,KDV Tevkifatı Hesaplama,maas-ve-vergi,Maaş & Vergi,kdv-tevkifati-hesaplama,2026-03-09T09:00:00.000Z,0.78,https://www.hesapmod.com/maas-ve-vergi/kdv-tevkifati-hesaplama,sitemap:0.78; calculator-landing; category-boost:15; guide-support:9
84,wave_3,request_in_week_1,120,calculator,Kira Stopaj Hesaplama,maas-ve-vergi,Maaş & Vergi,kira-stopaj-hesaplama,2026-03-09T09:00:00.000Z,0.78,https://www.hesapmod.com/maas-ve-vergi/kira-stopaj-hesaplama,sitemap:0.78; calculator-landing; category-boost:15; guide-support:9
85,wave_3,request_in_week_1,120,calculator,Kira Vergisi Hesaplama,maas-ve-vergi,Maaş & Vergi,kira-vergisi-hesaplama,2026-03-09T09:00:00.000Z,0.78,https://www.hesapmod.com/maas-ve-vergi/kira-vergisi-hesaplama,sitemap:0.78; calculator-landing; category-boost:15; guide-support:9
86,wave_3,request_in_week_1,120,calculator,Konaklama Vergisi Hesaplama,maas-ve-vergi,Maaş & Vergi,konaklama-vergisi-hesaplama,2026-03-09T09:00:00.000Z,0.78,https://www.hesapmod.com/maas-ve-vergi/konaklama-vergisi-hesaplama,sitemap:0.78; calculator-landing; category-boost:15; guide-support:9
87,wave_3,request_in_week_1,120,calculator,Kurumlar Vergisi Hesaplama,maas-ve-vergi,Maaş & Vergi,kurumlar-vergisi-hesaplama,2026-03-09T09:00:00.000Z,0.78,https://www.hesapmod.com/maas-ve-vergi/kurumlar-vergisi-hesaplama,sitemap:0.78; calculator-landing; category-boost:15; guide-support:9
88,wave_3,request_in_week_1,120,calculator,Veraset ve İntikal Vergisi Hesaplama,maas-ve-vergi,Maaş & Vergi,veraset-intikal-vergisi-hesaplama,2026-03-09T09:00:00.000Z,0.78,https://www.hesapmod.com/maas-ve-vergi/veraset-intikal-vergisi-hesaplama,sitemap:0.78; calculator-landing; category-boost:15; guide-support:9
89,wave_3,request_in_week_1,120,calculator,Vergi Gecikme Faizi Hesaplama,maas-ve-vergi,Maaş & Vergi,vergi-gecikme-faizi-hesaplama,2026-03-09T09:00:00.000Z,0.78,https://www.hesapmod.com/maas-ve-vergi/vergi-gecikme-faizi-hesaplama,sitemap:0.78; calculator-landing; category-boost:15; guide-support:9
90,wave_3,request_in_week_1,119,category,Sınav Kategori,sinav-hesaplamalari,Sınav,sinav-hesaplamalari,2026-03-09T09:00:00.000Z,0.85,https://www.hesapmod.com/kategori/sinav-hesaplamalari,sitemap:0.85; category-hub; category-boost:12
91,wave_3,request_in_week_1,119,guide,"2026 Vergi Hesaplama Rehberi: Gelir, KDV, Kira ve Emlak Vergisini Nasıl Okumalı?",maas-ve-vergi,Maaş & Vergi,vergi-hesaplama-rehberi-2026,2026-03-08T00:00:00.000Z,0.80,https://www.hesapmod.com/rehber/vergi-hesaplama-rehberi-2026,sitemap:0.80; editorial-support; category-boost:15; calc-support:8
92,wave_3,request_in_week_1,118,all_tools,Tum Araclar,,,,2026-03-09T09:00:00.000Z,0.90,https://www.hesapmod.com/tum-araclar,sitemap:0.90; catalog-hub
93,wave_3,request_in_week_1,118,guide,2026 Kira Artış Oranı ve TÜFE Rehberi: Ev Sahibi ve Kiracı İçin Pratik Hesap,finansal-hesaplamalar,Finans,kira-artis-orani-ve-tufe-rehberi,2026-03-08T00:00:00.000Z,0.80,https://www.hesapmod.com/rehber/kira-artis-orani-ve-tufe-rehberi,sitemap:0.80; editorial-support; category-boost:16; calc-support:6
94,wave_3,request_in_week_1,117,category,Yaşam Kategori,yasam-hesaplama,Yaşam,yasam-hesaplama,2026-03-09T09:00:00.000Z,0.85,https://www.hesapmod.com/kategori/yasam-hesaplama,sitemap:0.85; category-hub; category-boost:10
95,wave_3,request_in_week_1,117,guide,2026 Araç Vergileri Rehberi: MTV ve ÖTV Hesabı Nasıl Yorumlanır?,tasit-ve-vergi,Taşıt & Vergi,arac-vergileri-mtv-otv-rehberi-2026,2026-03-08T00:00:00.000Z,0.80,https://www.hesapmod.com/rehber/arac-vergileri-mtv-otv-rehberi-2026,sitemap:0.80; editorial-support; category-boost:13; calc-support:8
96,wave_3,request_in_week_1,117,guide,"Brüt Maaş ile Net Maaş Arasındaki Fark: SGK, Gelir Vergisi ve Damga Vergisi",maas-ve-vergi,Maaş & Vergi,brut-net-maas-farki,2026-03-07T00:00:00.000Z,0.80,https://www.hesapmod.com/rehber/brut-net-maas-farki,sitemap:0.80; editorial-support; category-boost:15; calc-support:6
97,wave_3,request_in_week_1,117,guide,"2026 Kıdem Tazminatı Hesaplama Rehberi: Tavan, Formül ve Örnekler",maas-ve-vergi,Maaş & Vergi,kidem-tazminati-hesaplama-rehberi,2026-03-07T00:00:00.000Z,0.80,https://www.hesapmod.com/rehber/kidem-tazminati-hesaplama-rehberi,sitemap:0.80; editorial-support; category-boost:15; calc-support:6
98,wave_3,request_in_week_1,116,guide,"2026 Okula Giriş Sınav Rehberi: LGS, DGS, YDS ve Özel Sınavlar",sinav-hesaplamalari,Sınav,okul-giris-sinav-rehberi-2026,2026-03-08T00:00:00.000Z,0.80,https://www.hesapmod.com/rehber/okul-giris-sinav-rehberi-2026,sitemap:0.80; editorial-support; category-boost:12; calc-support:8
99,wave_3,request_in_week_1,116,guide,"2026 Sınav Puanları Rehberi: YKS, TYT, KPSS ve ALES Nasıl Hesaplanır?",sinav-hesaplamalari,Sınav,sinav-puanlari-rehberi-2026,2026-03-08T00:00:00.000Z,0.80,https://www.hesapmod.com/rehber/sinav-puanlari-rehberi-2026,sitemap:0.80; editorial-support; category-boost:12; calc-support:8
100,wave_3,request_in_week_1,115,category,Zaman & Tarih Kategori,zaman-hesaplama,Zaman & Tarih,zaman-hesaplama,2026-03-09T09:00:00.000Z,0.85,https://www.hesapmod.com/kategori/zaman-hesaplama,sitemap:0.85; category-hub; category-boost:8
101,wave_4,request_in_week_2,115,calculator,Adet Günü Hesaplama,yasam-hesaplama,Yaşam,adet-gunu-hesaplama,2026-03-09T09:00:00.000Z,0.84,https://www.hesapmod.com/yasam-hesaplama/adet-gunu-hesaplama,sitemap:0.84; calculator-landing; category-boost:10; guide-support:3
102,wave_4,request_in_week_2,115,calculator,Aşı Takvimi Hesaplama,yasam-hesaplama,Yaşam,asi-takvimi-hesaplama,2026-03-09T09:00:00.000Z,0.84,https://www.hesapmod.com/yasam-hesaplama/asi-takvimi-hesaplama,sitemap:0.84; calculator-landing; category-boost:10; guide-support:3
103,wave_4,request_in_week_2,115,calculator,Bazal Metabolizma Hızı (BMR),yasam-hesaplama,Yaşam,bazal-metabolizma-hizi-hesaplama,2026-03-09T09:00:00.000Z,0.84,https://www.hesapmod.com/yasam-hesaplama/bazal-metabolizma-hizi-hesaplama,sitemap:0.84; calculator-landing; category-boost:10; guide-support:3
104,wave_4,request_in_week_2,115,calculator,Bebek Boyu Hesaplama,yasam-hesaplama,Yaşam,bebek-boyu-hesaplama,2026-03-09T09:00:00.000Z,0.84,https://www.hesapmod.com/yasam-hesaplama/bebek-boyu-hesaplama,sitemap:0.84; calculator-landing; category-boost:10; guide-support:3
105,wave_4,request_in_week_2,115,calculator,Bebek Kilosu Hesaplama,yasam-hesaplama,Yaşam,bebek-kilosu-hesaplama,2026-03-09T09:00:00.000Z,0.84,https://www.hesapmod.com/yasam-hesaplama/bebek-kilosu-hesaplama,sitemap:0.84; calculator-landing; category-boost:10; guide-support:3
106,wave_4,request_in_week_2,115,calculator,Bel / Kalça Oranı Hesaplama,yasam-hesaplama,Yaşam,bel-kalca-orani-hesaplama,2026-03-09T09:00:00.000Z,0.84,https://www.hesapmod.com/yasam-hesaplama/bel-kalca-orani-hesaplama,sitemap:0.84; calculator-landing; category-boost:10; guide-support:3
107,wave_4,request_in_week_2,115,calculator,Doğum İzni ve Rapor Parası Hesaplama,yasam-hesaplama,Yaşam,dogum-izni-hesaplama,2026-03-09T09:00:00.000Z,0.84,https://www.hesapmod.com/yasam-hesaplama/dogum-izni-hesaplama,sitemap:0.84; calculator-landing; category-boost:10; guide-support:3
108,wave_4,request_in_week_2,115,calculator,Doğum Tarihi Hesaplama,yasam-hesaplama,Yaşam,dogum-tarihi-hesaplama,2026-03-09T09:00:00.000Z,0.84,https://www.hesapmod.com/yasam-hesaplama/dogum-tarihi-hesaplama,sitemap:0.84; calculator-landing; category-boost:10; guide-support:3
109,wave_4,request_in_week_2,115,calculator,Ebced Hesaplama,yasam-hesaplama,Yaşam,ebced-hesaplama,2026-03-09T09:00:00.000Z,0.84,https://www.hesapmod.com/yasam-hesaplama/ebced-hesaplama,sitemap:0.84; calculator-landing; category-boost:10; guide-support:3
110,wave_4,request_in_week_2,115,calculator,Günlük Kalori İhtiyacı (TDEE),yasam-hesaplama,Yaşam,gunluk-kalori-ihtiyaci,2026-03-09T09:00:00.000Z,0.84,https://www.hesapmod.com/yasam-hesaplama/gunluk-kalori-ihtiyaci,sitemap:0.84; calculator-landing; category-boost:10; guide-support:3
111,wave_4,request_in_week_2,115,calculator,Günlük Karbonhidrat İhtiyacı Hesaplama,yasam-hesaplama,Yaşam,gunluk-karbonhidrat-ihtiyaci-hesaplama,2026-03-09T09:00:00.000Z,0.84,https://www.hesapmod.com/yasam-hesaplama/gunluk-karbonhidrat-ihtiyaci-hesaplama,sitemap:0.84; calculator-landing; category-boost:10; guide-support:3
112,wave_4,request_in_week_2,115,calculator,Günlük Kreatin Dozu Hesaplama,yasam-hesaplama,Yaşam,gunluk-kreatin-dozu-hesaplama,2026-03-09T09:00:00.000Z,0.84,https://www.hesapmod.com/yasam-hesaplama/gunluk-kreatin-dozu-hesaplama,sitemap:0.84; calculator-landing; category-boost:10; guide-support:3
113,wave_4,request_in_week_2,115,calculator,Günlük Makro Besin İhtiyacı Hesaplama,yasam-hesaplama,Yaşam,gunluk-makro-besin-ihtiyaci-hesaplama,2026-03-09T09:00:00.000Z,0.84,https://www.hesapmod.com/yasam-hesaplama/gunluk-makro-besin-ihtiyaci-hesaplama,sitemap:0.84; calculator-landing; category-boost:10; guide-support:3
114,wave_4,request_in_week_2,115,calculator,Günlük Protein İhtiyacı Hesaplama,yasam-hesaplama,Yaşam,gunluk-protein-ihtiyaci-hesaplama,2026-03-09T09:00:00.000Z,0.84,https://www.hesapmod.com/yasam-hesaplama/gunluk-protein-ihtiyaci-hesaplama,sitemap:0.84; calculator-landing; category-boost:10; guide-support:3
115,wave_4,request_in_week_2,115,calculator,Günlük Su İhtiyacı Hesaplama,yasam-hesaplama,Yaşam,gunluk-su-ihtiyaci-hesaplama,2026-03-09T09:00:00.000Z,0.84,https://www.hesapmod.com/yasam-hesaplama/gunluk-su-ihtiyaci-hesaplama,sitemap:0.84; calculator-landing; category-boost:10; guide-support:3
116,wave_4,request_in_week_2,115,calculator,Günlük Yağ İhtiyacı Hesaplama,yasam-hesaplama,Yaşam,gunluk-yag-ihtiyaci-hesaplama,2026-03-09T09:00:00.000Z,0.84,https://www.hesapmod.com/yasam-hesaplama/gunluk-yag-ihtiyaci-hesaplama,sitemap:0.84; calculator-landing; category-boost:10; guide-support:3
117,wave_4,request_in_week_2,115,calculator,Hamilelik Haftası Hesaplama,yasam-hesaplama,Yaşam,hamilelik-haftasi-hesaplama,2026-03-09T09:00:00.000Z,0.84,https://www.hesapmod.com/yasam-hesaplama/hamilelik-haftasi-hesaplama,sitemap:0.84; calculator-landing; category-boost:10; guide-support:3
118,wave_4,request_in_week_2,115,calculator,İdeal Kilo Hesaplama,yasam-hesaplama,Yaşam,ideal-kilo-hesaplama,2026-03-09T09:00:00.000Z,0.84,https://www.hesapmod.com/yasam-hesaplama/ideal-kilo-hesaplama,sitemap:0.84; calculator-landing; category-boost:10; guide-support:3
119,wave_4,request_in_week_2,115,calculator,Kuşak Hesaplama,yasam-hesaplama,Yaşam,kusak-hesaplama,2026-03-09T09:00:00.000Z,0.84,https://www.hesapmod.com/yasam-hesaplama/kusak-hesaplama,sitemap:0.84; calculator-landing; category-boost:10; guide-support:3
120,wave_4,request_in_week_2,115,calculator,Sigara Maliyeti Hesaplama,yasam-hesaplama,Yaşam,sigara-maliyeti-hesaplama,2026-03-09T09:00:00.000Z,0.84,https://www.hesapmod.com/yasam-hesaplama/sigara-maliyeti-hesaplama,sitemap:0.84; calculator-landing; category-boost:10; guide-support:3
121,wave_4,request_in_week_2,115,calculator,Sütyen Bedeni Hesaplama,yasam-hesaplama,Yaşam,sutyen-bedeni-hesaplama,2026-03-09T09:00:00.000Z,0.84,https://www.hesapmod.com/yasam-hesaplama/sutyen-bedeni-hesaplama,sitemap:0.84; calculator-landing; category-boost:10; guide-support:3
122,wave_4,request_in_week_2,115,calculator,Vücut Yağ Oranı Hesaplama,yasam-hesaplama,Yaşam,vucut-yag-orani-hesaplama,2026-03-09T09:00:00.000Z,0.84,https://www.hesapmod.com/yasam-hesaplama/vucut-yag-orani-hesaplama,sitemap:0.84; calculator-landing; category-boost:10; guide-support:3
123,wave_4,request_in_week_2,115,calculator,Yaşam Süresi Hesaplama,yasam-hesaplama,Yaşam,yasam-suresi-hesaplama,2026-03-09T09:00:00.000Z,0.84,https://www.hesapmod.com/yasam-hesaplama/yasam-suresi-hesaplama,sitemap:0.84; calculator-landing; category-boost:10; guide-support:3
124,wave_4,request_in_week_2,115,guide,İhbar Tazminatı Nedir? 2026 Hesaplama Formülü ve Örnek,maas-ve-vergi,Maaş & Vergi,ihbar-tazminati-nedir-nasil-hesaplanir,2026-03-07T00:00:00.000Z,0.80,https://www.hesapmod.com/rehber/ihbar-tazminati-nedir-nasil-hesaplanir,sitemap:0.80; editorial-support; category-boost:15; calc-support:4
125,wave_4,request_in_week_2,115,guide,2026 İşsizlik Maaşı Ne Kadar? Başvuru Şartları ve Hesaplama,maas-ve-vergi,Maaş & Vergi,issizlik-maasi-ne-kadar-2026,2026-03-07T00:00:00.000Z,0.80,https://www.hesapmod.com/rehber/issizlik-maasi-ne-kadar-2026,sitemap:0.80; editorial-support; category-boost:15; calc-support:4
126,wave_4,request_in_week_2,115,guide,2026 Yıllık İzin Hakkı: Kaç Gün İzin Kullanırsınız? Hesaplama Rehberi,maas-ve-vergi,Maaş & Vergi,yillik-izin-hakki-rehberi,2026-03-07T00:00:00.000Z,0.80,https://www.hesapmod.com/rehber/yillik-izin-hakki-rehberi,sitemap:0.80; editorial-support; category-boost:15; calc-support:4
127,wave_4,request_in_week_2,114,category,Ticaret & İş Kategori,ticaret-ve-is,Ticaret & İş,ticaret-ve-is,2026-03-09T09:00:00.000Z,0.85,https://www.hesapmod.com/kategori/ticaret-ve-is,sitemap:0.85; category-hub; category-boost:7
128,wave_4,request_in_week_2,114,guide,"2026 VKİ, Kalori ve Beslenme Hesapları Rehberi: İdeal Kilo, BMR ve Makro",yasam-hesaplama,Yaşam,vki-kalori-saglik-hesaplama-rehberi-2026,2026-03-08T00:00:00.000Z,0.80,https://www.hesapmod.com/rehber/vki-kalori-saglik-hesaplama-rehberi-2026,sitemap:0.80; editorial-support; category-boost:10; calc-support:8
129,wave_4,request_in_week_2,114,calculator,AGS Puan Hesaplama 2026,sinav-hesaplamalari,Sınav,ags-puan-hesaplama,2026-03-09T09:00:00.000Z,0.78,https://www.hesapmod.com/sinav-hesaplamalari/ags-puan-hesaplama,sitemap:0.78; calculator-landing; category-boost:12; guide-support:6
130,wave_4,request_in_week_2,114,calculator,AKS Puan Hesaplama,sinav-hesaplamalari,Sınav,aks-puan-hesaplama,2026-03-09T09:00:00.000Z,0.78,https://www.hesapmod.com/sinav-hesaplamalari/aks-puan-hesaplama,sitemap:0.78; calculator-landing; category-boost:12; guide-support:6
131,wave_4,request_in_week_2,114,calculator,ALES Puan Hesaplama,sinav-hesaplamalari,Sınav,ales-puan-hesaplama,2026-03-09T09:00:00.000Z,0.78,https://www.hesapmod.com/sinav-hesaplamalari/ales-puan-hesaplama,sitemap:0.78; calculator-landing; category-boost:12; guide-support:6
132,wave_4,request_in_week_2,114,calculator,Ders Notu Hesaplama,sinav-hesaplamalari,Sınav,ders-notu-hesaplama,2026-03-09T09:00:00.000Z,0.78,https://www.hesapmod.com/sinav-hesaplamalari/ders-notu-hesaplama,sitemap:0.78; calculator-landing; category-boost:12; guide-support:6
133,wave_4,request_in_week_2,114,calculator,DGS Puan Hesaplama 2026,sinav-hesaplamalari,Sınav,dgs-puan-hesaplama,2026-03-09T09:00:00.000Z,0.78,https://www.hesapmod.com/sinav-hesaplamalari/dgs-puan-hesaplama,sitemap:0.78; calculator-landing; category-boost:12; guide-support:6
134,wave_4,request_in_week_2,114,calculator,DGS Taban Puanları Hesaplama,sinav-hesaplamalari,Sınav,dgs-taban-puanlari,2026-03-09T09:00:00.000Z,0.78,https://www.hesapmod.com/sinav-hesaplamalari/dgs-taban-puanlari,sitemap:0.78; calculator-landing; category-boost:12; guide-support:6
135,wave_4,request_in_week_2,114,calculator,DİB MBSTS Puan Hesaplama,sinav-hesaplamalari,Sınav,dib-mbsts-puan-hesaplama,2026-03-09T09:00:00.000Z,0.78,https://www.hesapmod.com/sinav-hesaplamalari/dib-mbsts-puan-hesaplama,sitemap:0.78; calculator-landing; category-boost:12; guide-support:6
136,wave_4,request_in_week_2,114,calculator,DUS Puan Hesaplama,sinav-hesaplamalari,Sınav,dus-puan-hesaplama,2026-03-09T09:00:00.000Z,0.78,https://www.hesapmod.com/sinav-hesaplamalari/dus-puan-hesaplama,sitemap:0.78; calculator-landing; category-boost:12; guide-support:6
137,wave_4,request_in_week_2,114,calculator,E-Okul Not Hesaplama,sinav-hesaplamalari,Sınav,e-okul-not-hesaplama,2026-03-09T09:00:00.000Z,0.78,https://www.hesapmod.com/sinav-hesaplamalari/e-okul-not-hesaplama,sitemap:0.78; calculator-landing; category-boost:12; guide-support:6
138,wave_4,request_in_week_2,114,calculator,Ehliyet Sınavı Puan Hesaplama,sinav-hesaplamalari,Sınav,ehliyet-sinav-puan-hesaplama,2026-03-09T09:00:00.000Z,0.78,https://www.hesapmod.com/sinav-hesaplamalari/ehliyet-sinav-puan-hesaplama,sitemap:0.78; calculator-landing; category-boost:12; guide-support:6
139,wave_4,request_in_week_2,114,calculator,EKPSS Puan Hesaplama,sinav-hesaplamalari,Sınav,ekpss-puan-hesaplama,2026-03-09T09:00:00.000Z,0.78,https://www.hesapmod.com/sinav-hesaplamalari/ekpss-puan-hesaplama,sitemap:0.78; calculator-landing; category-boost:12; guide-support:6
140,wave_4,request_in_week_2,114,calculator,EUS Puan Hesaplama,sinav-hesaplamalari,Sınav,eus-puan-hesaplama,2026-03-09T09:00:00.000Z,0.78,https://www.hesapmod.com/sinav-hesaplamalari/eus-puan-hesaplama,sitemap:0.78; calculator-landing; category-boost:12; guide-support:6
141,wave_4,request_in_week_2,114,calculator,Hâkim ve Savcı Yrd. Sınavı Puan Hesaplama,sinav-hesaplamalari,Sınav,hakim-savci-yrd-puan-hesaplama,2026-03-09T09:00:00.000Z,0.78,https://www.hesapmod.com/sinav-hesaplamalari/hakim-savci-yrd-puan-hesaplama,sitemap:0.78; calculator-landing; category-boost:12; guide-support:6
142,wave_4,request_in_week_2,114,calculator,HMGS Puan Hesaplama,sinav-hesaplamalari,Sınav,hmgs-puan-hesaplama,2026-03-09T09:00:00.000Z,0.78,https://www.hesapmod.com/sinav-hesaplamalari/hmgs-puan-hesaplama,sitemap:0.78; calculator-landing; category-boost:12; guide-support:6
143,wave_4,request_in_week_2,114,calculator,İSG Puan Hesaplama,sinav-hesaplamalari,Sınav,isg-puan-hesaplama,2026-03-09T09:00:00.000Z,0.78,https://www.hesapmod.com/sinav-hesaplamalari/isg-puan-hesaplama,sitemap:0.78; calculator-landing; category-boost:12; guide-support:6
144,wave_4,request_in_week_2,114,calculator,İYÖS Puan Hesaplama,sinav-hesaplamalari,Sınav,iyos-puan-hesaplama,2026-03-09T09:00:00.000Z,0.78,https://www.hesapmod.com/sinav-hesaplamalari/iyos-puan-hesaplama,sitemap:0.78; calculator-landing; category-boost:12; guide-support:6
145,wave_4,request_in_week_2,114,calculator,Lise Ders Puanı Hesaplama,sinav-hesaplamalari,Sınav,lise-ders-puani-hesaplama,2026-03-09T09:00:00.000Z,0.78,https://www.hesapmod.com/sinav-hesaplamalari/lise-ders-puani-hesaplama,sitemap:0.78; calculator-landing; category-boost:12; guide-support:6
146,wave_4,request_in_week_2,114,calculator,Lise Mezuniyet Puanı Hesaplama,sinav-hesaplamalari,Sınav,lise-mezuniyet-puani-hesaplama,2026-03-09T09:00:00.000Z,0.78,https://www.hesapmod.com/sinav-hesaplamalari/lise-mezuniyet-puani-hesaplama,sitemap:0.78; calculator-landing; category-boost:12; guide-support:6
147,wave_4,request_in_week_2,114,calculator,Lise Ortalama Hesaplama,sinav-hesaplamalari,Sınav,lise-ortalama-hesaplama,2026-03-09T09:00:00.000Z,0.78,https://www.hesapmod.com/sinav-hesaplamalari/lise-ortalama-hesaplama,sitemap:0.78; calculator-landing; category-boost:12; guide-support:6
148,wave_4,request_in_week_2,114,calculator,Lise Sınıf Geçme Hesaplama,sinav-hesaplamalari,Sınav,lise-sinif-gecme-hesaplama,2026-03-09T09:00:00.000Z,0.78,https://www.hesapmod.com/sinav-hesaplamalari/lise-sinif-gecme-hesaplama,sitemap:0.78; calculator-landing; category-boost:12; guide-support:6
149,wave_4,request_in_week_2,114,calculator,Lise Taban Puanları ve Yüzdelik Rehberi,sinav-hesaplamalari,Sınav,lise-taban-puanlari,2026-03-09T09:00:00.000Z,0.78,https://www.hesapmod.com/sinav-hesaplamalari/lise-taban-puanlari,sitemap:0.78; calculator-landing; category-boost:12; guide-support:6
150,wave_4,request_in_week_2,114,calculator,Lise YBP Hesaplama,sinav-hesaplamalari,Sınav,lise-ybp-hesaplama,2026-03-09T09:00:00.000Z,0.78,https://www.hesapmod.com/sinav-hesaplamalari/lise-ybp-hesaplama,sitemap:0.78; calculator-landing; category-boost:12; guide-support:6
151,wave_4,request_in_week_2,114,calculator,MSÜ Puan Hesaplama,sinav-hesaplamalari,Sınav,msu-puan-hesaplama,2026-03-09T09:00:00.000Z,0.78,https://www.hesapmod.com/sinav-hesaplamalari/msu-puan-hesaplama,sitemap:0.78; calculator-landing; category-boost:12; guide-support:6
152,wave_4,request_in_week_2,114,calculator,OBP Okul Puanı Hesaplama,sinav-hesaplamalari,Sınav,obp-puan-hesaplama,2026-03-09T09:00:00.000Z,0.78,https://www.hesapmod.com/sinav-hesaplamalari/obp-puan-hesaplama,sitemap:0.78; calculator-landing; category-boost:12; guide-support:6
153,wave_4,request_in_week_2,114,calculator,ÖGG Sınav Puan Hesaplama,sinav-hesaplamalari,Sınav,ogg-sinav-puan-hesaplama,2026-03-09T09:00:00.000Z,0.78,https://www.hesapmod.com/sinav-hesaplamalari/ogg-sinav-puan-hesaplama,sitemap:0.78; calculator-landing; category-boost:12; guide-support:6
154,wave_4,request_in_week_2,114,calculator,Okula Başlama Yaşı Hesaplama,sinav-hesaplamalari,Sınav,okula-baslama-yasi-hesaplama,2026-03-09T09:00:00.000Z,0.78,https://www.hesapmod.com/sinav-hesaplamalari/okula-baslama-yasi-hesaplama,sitemap:0.78; calculator-landing; category-boost:12; guide-support:6
155,wave_4,request_in_week_2,114,calculator,ÖYP Puan Hesaplama,sinav-hesaplamalari,Sınav,oyp-puan-hesaplama,2026-03-09T09:00:00.000Z,0.78,https://www.hesapmod.com/sinav-hesaplamalari/oyp-puan-hesaplama,sitemap:0.78; calculator-landing; category-boost:12; guide-support:6
156,wave_4,request_in_week_2,114,calculator,Özel Güvenlik Sınavı Puan Hesaplama,sinav-hesaplamalari,Sınav,ozel-guvenlik-sinav-hesaplama,2026-03-09T09:00:00.000Z,0.78,https://www.hesapmod.com/sinav-hesaplamalari/ozel-guvenlik-sinav-hesaplama,sitemap:0.78; calculator-landing; category-boost:12; guide-support:6
157,wave_4,request_in_week_2,114,calculator,PMYO Giriş Puanı Hesaplama,sinav-hesaplamalari,Sınav,pmyo-puan-hesaplama,2026-03-09T09:00:00.000Z,0.78,https://www.hesapmod.com/sinav-hesaplamalari/pmyo-puan-hesaplama,sitemap:0.78; calculator-landing; category-boost:12; guide-support:6
158,wave_4,request_in_week_2,114,calculator,POMEM Giriş Puanı Hesaplama,sinav-hesaplamalari,Sınav,pomem-puan-hesaplama,2026-03-09T09:00:00.000Z,0.78,https://www.hesapmod.com/sinav-hesaplamalari/pomem-puan-hesaplama,sitemap:0.78; calculator-landing; category-boost:12; guide-support:6
159,wave_4,request_in_week_2,114,calculator,İOKBS (Eski Adıyla PYBS) Puan Hesaplama,sinav-hesaplamalari,Sınav,pybs-puan-hesaplama,2026-03-09T09:00:00.000Z,0.78,https://www.hesapmod.com/sinav-hesaplamalari/pybs-puan-hesaplama,sitemap:0.78; calculator-landing; category-boost:12; guide-support:6
160,wave_4,request_in_week_2,114,calculator,Takdir Teşekkür Hesaplama,sinav-hesaplamalari,Sınav,takdir-tesekkur-hesaplama,2026-03-09T09:00:00.000Z,0.78,https://www.hesapmod.com/sinav-hesaplamalari/takdir-tesekkur-hesaplama,sitemap:0.78; calculator-landing; category-boost:12; guide-support:6
161,wave_5,sitemap_monitor,114,calculator,TUS Puan Hesaplama,sinav-hesaplamalari,Sınav,tus-puan-hesaplama,2026-03-09T09:00:00.000Z,0.78,https://www.hesapmod.com/sinav-hesaplamalari/tus-puan-hesaplama,sitemap:0.78; calculator-landing; category-boost:12; guide-support:6
162,wave_5,sitemap_monitor,114,calculator,Üniversite Not Ortalaması Hesaplama,sinav-hesaplamalari,Sınav,universite-not-ortalamasi-hesaplama,2026-03-09T09:00:00.000Z,0.78,https://www.hesapmod.com/sinav-hesaplamalari/universite-not-ortalamasi-hesaplama,sitemap:0.78; calculator-landing; category-boost:12; guide-support:6
163,wave_5,sitemap_monitor,114,calculator,Üniversite (YKS) Taban Puanları Hesaplama,sinav-hesaplamalari,Sınav,universite-taban-puanlari,2026-03-09T09:00:00.000Z,0.78,https://www.hesapmod.com/sinav-hesaplamalari/universite-taban-puanlari,sitemap:0.78; calculator-landing; category-boost:12; guide-support:6
164,wave_5,sitemap_monitor,114,calculator,Vize Final Ortalama Hesaplama,sinav-hesaplamalari,Sınav,vize-final-ortalama-hesaplama,2026-03-09T09:00:00.000Z,0.78,https://www.hesapmod.com/sinav-hesaplamalari/vize-final-ortalama-hesaplama,sitemap:0.78; calculator-landing; category-boost:12; guide-support:6
165,wave_5,sitemap_monitor,114,calculator,YDS Puan Hesaplama,sinav-hesaplamalari,Sınav,yds-puan-hesaplama,2026-03-09T09:00:00.000Z,0.78,https://www.hesapmod.com/sinav-hesaplamalari/yds-puan-hesaplama,sitemap:0.78; calculator-landing; category-boost:12; guide-support:6
166,wave_5,sitemap_monitor,113,category,Matematik Kategori,matematik-hesaplama,Matematik,matematik-hesaplama,2026-03-09T09:00:00.000Z,0.85,https://www.hesapmod.com/kategori/matematik-hesaplama,sitemap:0.85; category-hub; category-boost:6
167,wave_5,sitemap_monitor,113,calculator,İki Tarih Arasındaki Gün Sayısını Hesaplama,zaman-hesaplama,Zaman & Tarih,iki-tarih-arasindaki-gun-sayisi-hesaplama,2026-03-09T09:00:00.000Z,0.78,https://www.hesapmod.com/zaman-hesaplama/iki-tarih-arasindaki-gun-sayisi-hesaplama,sitemap:0.78; calculator-landing; category-boost:8; slug-boost:9
168,wave_5,sitemap_monitor,112,calculator,Hız / Mesafe / Süre Hesaplama,tasit-ve-vergi,Taşıt & Vergi,hiz-mesafe-sure,2026-03-09T09:00:00.000Z,0.78,https://www.hesapmod.com/tasit-ve-vergi/hiz-mesafe-sure,sitemap:0.78; calculator-landing; category-boost:13; guide-support:3
169,wave_5,sitemap_monitor,110,category,Astroloji Kategori,astroloji,Astroloji,astroloji,2026-03-09T09:00:00.000Z,0.85,https://www.hesapmod.com/kategori/astroloji,sitemap:0.85; category-hub; category-boost:3
170,wave_5,sitemap_monitor,104,calculator,Ay Evresi Hesaplama,zaman-hesaplama,Zaman & Tarih,ay-evresi-hesaplama,2026-03-09T09:00:00.000Z,0.78,https://www.hesapmod.com/zaman-hesaplama/ay-evresi-hesaplama,sitemap:0.78; calculator-landing; category-boost:8
171,wave_5,sitemap_monitor,104,calculator,Bayram Namazı Saati Hesaplama,zaman-hesaplama,Zaman & Tarih,bayram-namazi-saati-hesaplama,2026-03-09T09:00:00.000Z,0.78,https://www.hesapmod.com/zaman-hesaplama/bayram-namazi-saati-hesaplama,sitemap:0.78; calculator-landing; category-boost:8
172,wave_5,sitemap_monitor,104,calculator,Birim Dönüştürücü (Uzunluk),zaman-hesaplama,Zaman & Tarih,birim-donusturucu,2026-03-09T09:00:00.000Z,0.78,https://www.hesapmod.com/zaman-hesaplama/birim-donusturucu,sitemap:0.78; calculator-landing; category-boost:8
173,wave_5,sitemap_monitor,104,calculator,Cuma Namazı Saati Hesaplama,zaman-hesaplama,Zaman & Tarih,cuma-namazi-saati-hesaplama,2026-03-09T09:00:00.000Z,0.78,https://www.hesapmod.com/zaman-hesaplama/cuma-namazi-saati-hesaplama,sitemap:0.78; calculator-landing; category-boost:8
174,wave_5,sitemap_monitor,104,calculator,Doğuma Kalan Gün,zaman-hesaplama,Zaman & Tarih,doguma-kalan-gun,2026-03-09T09:00:00.000Z,0.78,https://www.hesapmod.com/zaman-hesaplama/doguma-kalan-gun,sitemap:0.78; calculator-landing; category-boost:8
175,wave_5,sitemap_monitor,104,calculator,Gün Batımı Hesaplama,zaman-hesaplama,Zaman & Tarih,gun-batimi-hesaplama,2026-03-09T09:00:00.000Z,0.78,https://www.hesapmod.com/zaman-hesaplama/gun-batimi-hesaplama,sitemap:0.78; calculator-landing; category-boost:8
176,wave_5,sitemap_monitor,104,calculator,Gün Doğumu Hesaplama,zaman-hesaplama,Zaman & Tarih,gun-dogumu-hesaplama,2026-03-09T09:00:00.000Z,0.78,https://www.hesapmod.com/zaman-hesaplama/gun-dogumu-hesaplama,sitemap:0.78; calculator-landing; category-boost:8
177,wave_5,sitemap_monitor,104,calculator,Gün Hesaplama — İki Tarih Arası,zaman-hesaplama,Zaman & Tarih,gun-hesaplama,2026-03-09T09:00:00.000Z,0.78,https://www.hesapmod.com/zaman-hesaplama/gun-hesaplama,sitemap:0.78; calculator-landing; category-boost:8
178,wave_5,sitemap_monitor,104,calculator,Hafta Hesaplama,zaman-hesaplama,Zaman & Tarih,hafta-hesaplama,2026-03-09T09:00:00.000Z,0.78,https://www.hesapmod.com/zaman-hesaplama/hafta-hesaplama,sitemap:0.78; calculator-landing; category-boost:8
179,wave_5,sitemap_monitor,104,calculator,Hangi Gün Hesaplama,zaman-hesaplama,Zaman & Tarih,hangi-gun-hesaplama,2026-03-09T09:00:00.000Z,0.78,https://www.hesapmod.com/zaman-hesaplama/hangi-gun-hesaplama,sitemap:0.78; calculator-landing; category-boost:8
180,wave_5,sitemap_monitor,104,calculator,Hicri Takvim Hesaplama,zaman-hesaplama,Zaman & Tarih,hicri-takvim-hesaplama,2026-03-09T09:00:00.000Z,0.78,https://www.hesapmod.com/zaman-hesaplama/hicri-takvim-hesaplama,sitemap:0.78; calculator-landing; category-boost:8
181,wave_5,sitemap_monitor,104,calculator,Tarih Farkı (Gün) Hesaplama,zaman-hesaplama,Zaman & Tarih,iki-tarih-arasi-fark-gun-hesaplama,2026-03-09T09:00:00.000Z,0.78,https://www.hesapmod.com/zaman-hesaplama/iki-tarih-arasi-fark-gun-hesaplama,sitemap:0.78; calculator-landing; category-boost:8
182,wave_5,sitemap_monitor,104,calculator,İki Tarih Arasındaki Hafta Sayısını Hesaplama,zaman-hesaplama,Zaman & Tarih,iki-tarih-arasindaki-hafta-sayisi-hesaplama,2026-03-09T09:00:00.000Z,0.78,https://www.hesapmod.com/zaman-hesaplama/iki-tarih-arasindaki-hafta-sayisi-hesaplama,sitemap:0.78; calculator-landing; category-boost:8
183,wave_5,sitemap_monitor,104,calculator,İş Günü Hesaplama,zaman-hesaplama,Zaman & Tarih,is-gunu-hesaplama,2026-03-09T09:00:00.000Z,0.78,https://www.hesapmod.com/zaman-hesaplama/is-gunu-hesaplama,sitemap:0.78; calculator-landing; category-boost:8
184,wave_5,sitemap_monitor,104,calculator,Kaç Gün Kaldı Hesaplama,zaman-hesaplama,Zaman & Tarih,kac-gun-kaldi-hesaplama,2026-03-09T09:00:00.000Z,0.78,https://www.hesapmod.com/zaman-hesaplama/kac-gun-kaldi-hesaplama,sitemap:0.78; calculator-landing; category-boost:8
185,wave_5,sitemap_monitor,104,calculator,Kaç Gün Oldu Hesaplama,zaman-hesaplama,Zaman & Tarih,kac-gun-oldu-hesaplama,2026-03-09T09:00:00.000Z,0.78,https://www.hesapmod.com/zaman-hesaplama/kac-gun-oldu-hesaplama,sitemap:0.78; calculator-landing; category-boost:8
186,wave_5,sitemap_monitor,104,calculator,Ramazanın Kaçıncı Günü Hesaplama,zaman-hesaplama,Zaman & Tarih,ramazanin-kacinci-gunu-hesaplama,2026-03-09T09:00:00.000Z,0.78,https://www.hesapmod.com/zaman-hesaplama/ramazanin-kacinci-gunu-hesaplama,sitemap:0.78; calculator-landing; category-boost:8
187,wave_5,sitemap_monitor,104,calculator,Saat Farkı Hesaplama,zaman-hesaplama,Zaman & Tarih,saat-farki-hesaplama,2026-03-09T09:00:00.000Z,0.78,https://www.hesapmod.com/zaman-hesaplama/saat-farki-hesaplama,sitemap:0.78; calculator-landing; category-boost:8
188,wave_5,sitemap_monitor,104,calculator,Saat Kaç Hesaplama,zaman-hesaplama,Zaman & Tarih,saat-kac-hesaplama,2026-03-09T09:00:00.000Z,0.78,https://www.hesapmod.com/zaman-hesaplama/saat-kac-hesaplama,sitemap:0.78; calculator-landing; category-boost:8
189,wave_5,sitemap_monitor,104,calculator,Şafak Hesaplama,zaman-hesaplama,Zaman & Tarih,safak-hesaplama,2026-03-09T09:00:00.000Z,0.78,https://www.hesapmod.com/zaman-hesaplama/safak-hesaplama,sitemap:0.78; calculator-landing; category-boost:8
190,wave_5,sitemap_monitor,104,calculator,Tarih Hesaplama,zaman-hesaplama,Zaman & Tarih,tarih-hesaplama,2026-03-09T09:00:00.000Z,0.78,https://www.hesapmod.com/zaman-hesaplama/tarih-hesaplama,sitemap:0.78; calculator-landing; category-boost:8
191,wave_5,sitemap_monitor,104,calculator,Vade Hesaplama,zaman-hesaplama,Zaman & Tarih,vade-hesaplama,2026-03-09T09:00:00.000Z,0.78,https://www.hesapmod.com/zaman-hesaplama/vade-hesaplama,sitemap:0.78; calculator-landing; category-boost:8
192,wave_5,sitemap_monitor,104,calculator,Yaş Hesaplama Detaylı,zaman-hesaplama,Zaman & Tarih,yas-hesaplama-detayli,2026-03-09T09:00:00.000Z,0.78,https://www.hesapmod.com/zaman-hesaplama/yas-hesaplama-detayli,sitemap:0.78; calculator-landing; category-boost:8
193,wave_5,sitemap_monitor,104,calculator,Yaş Hesaplama,zaman-hesaplama,Zaman & Tarih,yas-hesaplama-gun-ay-yil,2026-03-09T09:00:00.000Z,0.78,https://www.hesapmod.com/zaman-hesaplama/yas-hesaplama-gun-ay-yil,sitemap:0.78; calculator-landing; category-boost:8
194,wave_5,sitemap_monitor,104,calculator,Yılın Kaçıncı Günü Hesaplama,zaman-hesaplama,Zaman & Tarih,yilin-kacinci-gunu-hesaplama,2026-03-09T09:00:00.000Z,0.78,https://www.hesapmod.com/zaman-hesaplama/yilin-kacinci-gunu-hesaplama,sitemap:0.78; calculator-landing; category-boost:8
195,wave_5,sitemap_monitor,104,calculator,Zaman Birimleri Dönüştürücü,zaman-hesaplama,Zaman & Tarih,zaman-birimleri-donusturucu,2026-03-09T09:00:00.000Z,0.78,https://www.hesapmod.com/zaman-hesaplama/zaman-birimleri-donusturucu,sitemap:0.78; calculator-landing; category-boost:8
196,wave_5,sitemap_monitor,103,guide_hub,Rehber,,,,2026-03-09T09:00:00.000Z,0.85,https://www.hesapmod.com/rehber,sitemap:0.85; guide-hub
197,wave_5,sitemap_monitor,103,calculator,Arsa Payı Hesaplama,ticaret-ve-is,Ticaret & İş,arsa-payi-hesaplama,2026-03-09T09:00:00.000Z,0.78,https://www.hesapmod.com/ticaret-ve-is/arsa-payi-hesaplama,sitemap:0.78; calculator-landing; category-boost:7
198,wave_5,sitemap_monitor,103,calculator,Desi Hesaplama,ticaret-ve-is,Ticaret & İş,desi-hesaplama,2026-03-09T09:00:00.000Z,0.78,https://www.hesapmod.com/ticaret-ve-is/desi-hesaplama,sitemap:0.78; calculator-landing; category-boost:7
199,wave_5,sitemap_monitor,103,calculator,Fiyat Hesaplama,ticaret-ve-is,Ticaret & İş,fiyat-hesaplama,2026-03-09T09:00:00.000Z,0.78,https://www.hesapmod.com/ticaret-ve-is/fiyat-hesaplama,sitemap:0.78; calculator-landing; category-boost:7
200,wave_5,sitemap_monitor,103,calculator,İndirim Hesaplama,ticaret-ve-is,Ticaret & İş,indirim-hesaplama,2026-03-09T09:00:00.000Z,0.78,https://www.hesapmod.com/ticaret-ve-is/indirim-hesaplama,sitemap:0.78; calculator-landing; category-boost:7
201,wave_5,sitemap_monitor,103,calculator,İnşaat Alanı Hesaplama,ticaret-ve-is,Ticaret & İş,insaat-alani-hesaplama,2026-03-09T09:00:00.000Z,0.78,https://www.hesapmod.com/ticaret-ve-is/insaat-alani-hesaplama,sitemap:0.78; calculator-landing; category-boost:7
202,wave_5,sitemap_monitor,103,calculator,Kâr Hesaplama,ticaret-ve-is,Ticaret & İş,kar-hesaplama,2026-03-09T09:00:00.000Z,0.78,https://www.hesapmod.com/ticaret-ve-is/kar-hesaplama,sitemap:0.78; calculator-landing; category-boost:7
203,wave_5,sitemap_monitor,103,calculator,Kargo Ücreti Hesaplama,ticaret-ve-is,Ticaret & İş,kargo-ucreti-hesaplama,2026-03-09T09:00:00.000Z,0.78,https://www.hesapmod.com/ticaret-ve-is/kargo-ucreti-hesaplama,sitemap:0.78; calculator-landing; category-boost:7
204,wave_5,sitemap_monitor,103,calculator,Ortalama Maliyet Hesaplama,ticaret-ve-is,Ticaret & İş,ortalama-maliyet-hesaplama,2026-03-09T09:00:00.000Z,0.78,https://www.hesapmod.com/ticaret-ve-is/ortalama-maliyet-hesaplama,sitemap:0.78; calculator-landing; category-boost:7
205,wave_5,sitemap_monitor,103,calculator,Tapu Harcı Hesaplama,ticaret-ve-is,Ticaret & İş,tapu-harci-hesaplama,2026-03-09T09:00:00.000Z,0.78,https://www.hesapmod.com/ticaret-ve-is/tapu-harci-hesaplama,sitemap:0.78; calculator-landing; category-boost:7
206,wave_5,sitemap_monitor,103,calculator,Zam Hesaplama,ticaret-ve-is,Ticaret & İş,zam-hesaplama,2026-03-09T09:00:00.000Z,0.78,https://www.hesapmod.com/ticaret-ve-is/zam-hesaplama,sitemap:0.78; calculator-landing; category-boost:7
207,wave_5,sitemap_monitor,103,calculator,Zarar Hesaplama,ticaret-ve-is,Ticaret & İş,zarar-hesaplama,2026-03-09T09:00:00.000Z,0.78,https://www.hesapmod.com/ticaret-ve-is/zarar-hesaplama,sitemap:0.78; calculator-landing; category-boost:7
208,wave_5,sitemap_monitor,102,calculator,Alan Hesaplama,matematik-hesaplama,Matematik,alan-hesaplama,2026-03-09T09:00:00.000Z,0.78,https://www.hesapmod.com/matematik-hesaplama/alan-hesaplama,sitemap:0.78; calculator-landing; category-boost:6
209,wave_5,sitemap_monitor,102,calculator,Asal Çarpan Hesaplama,matematik-hesaplama,Matematik,asal-carpan-hesaplama,2026-03-09T09:00:00.000Z,0.78,https://www.hesapmod.com/matematik-hesaplama/asal-carpan-hesaplama,sitemap:0.78; calculator-landing; category-boost:6
210,wave_5,sitemap_monitor,102,calculator,Çevre Hesaplama,matematik-hesaplama,Matematik,cevre-hesaplama,2026-03-09T09:00:00.000Z,0.78,https://www.hesapmod.com/matematik-hesaplama/cevre-hesaplama,sitemap:0.78; calculator-landing; category-boost:6
211,wave_5,sitemap_monitor,102,calculator,Daire Alan & Çevre Hesaplama,matematik-hesaplama,Matematik,daire-alan-cevre,2026-03-09T09:00:00.000Z,0.78,https://www.hesapmod.com/matematik-hesaplama/daire-alan-cevre,sitemap:0.78; calculator-landing; category-boost:6
212,wave_5,sitemap_monitor,102,calculator,Dikdörtgen Alan & Çevre Hesaplama,matematik-hesaplama,Matematik,dikdortgen-alan-cevre,2026-03-09T09:00:00.000Z,0.78,https://www.hesapmod.com/matematik-hesaplama/dikdortgen-alan-cevre,sitemap:0.78; calculator-landing; category-boost:6
213,wave_5,sitemap_monitor,102,calculator,EBOB EKOK Hesaplama,matematik-hesaplama,Matematik,ebob-ekok-hesaplama,2026-03-09T09:00:00.000Z,0.78,https://www.hesapmod.com/matematik-hesaplama/ebob-ekok-hesaplama,sitemap:0.78; calculator-landing; category-boost:6
214,wave_5,sitemap_monitor,102,calculator,Faktöriyel Hesaplama,matematik-hesaplama,Matematik,faktoriyel-hesaplama,2026-03-09T09:00:00.000Z,0.78,https://www.hesapmod.com/matematik-hesaplama/faktoriyel-hesaplama,sitemap:0.78; calculator-landing; category-boost:6
215,wave_5,sitemap_monitor,102,calculator,"Kombinasyon, Permütasyon ve Faktöriyel",matematik-hesaplama,Matematik,kombinasyon-permutasyon-faktoriyel,2026-03-09T09:00:00.000Z,0.78,https://www.hesapmod.com/matematik-hesaplama/kombinasyon-permutasyon-faktoriyel,sitemap:0.78; calculator-landing; category-boost:6
216,wave_5,sitemap_monitor,102,calculator,Ortalama Hesaplama,matematik-hesaplama,Matematik,ortalama-hesaplama,2026-03-09T09:00:00.000Z,0.78,https://www.hesapmod.com/matematik-hesaplama/ortalama-hesaplama,sitemap:0.78; calculator-landing; category-boost:6
217,wave_5,sitemap_monitor,102,calculator,Üçgen Alan & Çevre Hesaplama,matematik-hesaplama,Matematik,ucgen-hesaplama,2026-03-09T09:00:00.000Z,0.78,https://www.hesapmod.com/matematik-hesaplama/ucgen-hesaplama,sitemap:0.78; calculator-landing; category-boost:6
218,wave_5,sitemap_monitor,102,calculator,Üs/Kuvvet ve Karekök Hesaplama,matematik-hesaplama,Matematik,us-kuvvet-karekok,2026-03-09T09:00:00.000Z,0.78,https://www.hesapmod.com/matematik-hesaplama/us-kuvvet-karekok,sitemap:0.78; calculator-landing; category-boost:6
219,wave_5,sitemap_monitor,102,calculator,Yüzde Hesaplama,matematik-hesaplama,Matematik,yuzde-hesaplama,2026-03-09T09:00:00.000Z,0.78,https://www.hesapmod.com/matematik-hesaplama/yuzde-hesaplama,sitemap:0.78; calculator-landing; category-boost:6
220,wave_5,sitemap_monitor,99,calculator,Burç Hesaplama,astroloji,Astroloji,burc-hesaplama,2026-03-09T09:00:00.000Z,0.78,https://www.hesapmod.com/astroloji/burc-hesaplama,sitemap:0.78; calculator-landing; category-boost:3
221,wave_5,sitemap_monitor,99,calculator,Yükselen Burç Hesaplama,astroloji,Astroloji,yukselen-burc-hesaplama,2026-03-09T09:00:00.000Z,0.78,https://www.hesapmod.com/astroloji/yukselen-burc-hesaplama,sitemap:0.78; calculator-landing; category-boost:3
222,defer,sitemap_only,50,static,Hakkimizda,,,hakkimizda,2026-03-09T09:00:00.000Z,0.70,https://www.hesapmod.com/hakkimizda,sitemap:0.70; support-page
223,defer,sitemap_only,50,static,Iletisim,,,iletisim,2026-03-09T09:00:00.000Z,0.70,https://www.hesapmod.com/iletisim,sitemap:0.70; support-page
224,defer,sitemap_only,50,static,SSS,,,sss,2026-03-09T09:00:00.000Z,0.70,https://www.hesapmod.com/sss,sitemap:0.70; support-page
225,defer,sitemap_only,-5,static,gizlilik-politikasi,,,gizlilik-politikasi,2026-03-09T09:00:00.000Z,0.40,https://www.hesapmod.com/gizlilik-politikasi,sitemap:0.40; legal-sitemap-only
226,defer,sitemap_only,-15,static,cerez-politikasi,,,cerez-politikasi,2026-03-09T09:00:00.000Z,0.30,https://www.hesapmod.com/cerez-politikasi,sitemap:0.30; legal-sitemap-only
227,defer,sitemap_only,-15,static,kullanim-kosullari,,,kullanim-kosullari,2026-03-09T09:00:00.000Z,0.30,https://www.hesapmod.com/kullanim-kosullari,sitemap:0.30; legal-sitemap-only
228,defer,sitemap_only,-15,static,kvkk,,,kvkk,2026-03-09T09:00:00.000Z,0.30,https://www.hesapmod.com/kvkk,sitemap:0.30; legal-sitemap-only